{
    "Toplam Yatırım Miktarı": 4124255.8800000004,
    "Toplam Güncel Değer": 5624735.357070923,
    "Toplam Kar/Zarar": 1500479.4770709227,
    "Toplam Nominal Getiri Yuzdesi": 36.381823066490306,
    "Basitlestirilmis Genel Reel Getiri Yuzdesi": -14.850858920823507,
    "Agirlikli Ortalama Reel Getiri Yuzdesi": 14.512533933575043
}
